"id","x","key","percent_match","scored"
"5","misbehave","bad","0",0
"5","stomach","stomach","1",1
"5","money","money","1",1
"5","hammer","hammer","1",1
"5","newspaper","news","0.444444444444444",0
"5","sting","sting","1",1
"5","","cold","0",0
"5","plant","plant","1",1
"5","bird","bird","1",1
"5","dog","dog","1",1
"5","","out","0",0
"5","","clean","0",0
"5","water","water","1",1
"5","rock","rock","1",1
"5","war","war","1",1
"5","","talk","0",0
"5","cow","cow","1",1
"5","","card","0",0
"5","flower","flower","1",1
"5","fish","fish","1",1
"5","enough","enough","1",1
"5","","sip","0",0
"5","light","cave","0",0
"5","","seize","0",0
"5","inches","growth","0.166666666666667",0
"5","word","word","1",1
"5","spider","wasp","0.333333333333333",0
"5","problm","division","0.125",0
"5","attorney","attorney","1",1
"5","","fantastic","0",0
"5","latch","latch","1",1
"5","chili","chili","1",1
"5","","racket","0",0
"5","chores","chore","0.833333333333333",1
"5","famine","famine","1",1
"5","","drowsy","0",0
"5","stinch","stench","0.833333333333333",1
"5","","attire","0",0
"5","","pilot","0",0
"5","extinguisher","blaze","0.0833333333333333",0
"5","date","assignment","0.3",0
"5","","amount","0",0
"5","place","site","0",0
"5","waste","waste","1",1
"5","start","jury","0.2",0
"5","design","design","1",1
"5","bar","bar","1",1
"5","liver","liver","1",1
"5","star","end","0",0
"5","","wind","0",0
"5","","soda","0",0
"5","cheese","cheese","1",1
"5","","toilet","0",0
"5","salad","salad","1",1
"5","foot","foot","1",1
"5","","future","0",0
"5","","decision","0",0
"5","bee","bee","1",1
"5","child","child","1",1
"5","","round","0",0
"5","","clutter","0",0
"5","restrictions","sacking","0.25",0
"5","bench","hungry","0.333333333333333",0
"5","woman","woman","1",1
"5","now","belt","0",0
"5","","floor","0",0
"5","","business","0",0
"5","argument","sight","0.125",0
"5","heart","bronze","0.333333333333333",0
"5","","hand","0",0
"5","","position","0",0
"5","sad","car","0.333333333333333",0
"5","take","tuck","0.5",0
"5","project","lion","0.142857142857143",0
"5","","accident","0",0
"5","","riddle","0",0
"5","","add","0",0
"5","","would","0",0
"5","search","sick","0.166666666666667",0
"5","queen","vase","0.4",0
"9","bad","bad","1",1
"9","stomach","stomach","1",1
"9","money","money","1",1
"9","hammer","hammer","1",1
"9","news","news","1",1
"9","sting","sting","1",1
"9","nasty","cold","0",0
"9","plant","plant","1",1
"9","bird","bird","1",1
"9","dog","dog","1",1
"9","path","out","0.25",0
"9","clean","clean","1",1
"9","water","water","1",1
"9","rock","rock","1",1
"9","war","war","1",1
"9","talk","talk","1",1
"9","cow","cow","1",1
"9","card","card","1",1
"9","flower","flower","1",1
"9","fish","fish","1",1
"9","ful","enough","0.166666666666667",0
"9","water","sip","0",0
"9","cave","cave","1",1
"9","grab","seize","0",0
"9","growth","growth","1",1
"9","word","word","1",1
"9","wasp","wasp","1",1
"9","division","division","1",1
"9","attorney","attorney","1",1
"9","fantastic","fantastic","1",1
"9","latch","latch","1",1
"9","chili","chili","1",1
"9","racket","racket","1",1
"9","chore","chore","1",1
"9","famine","famine","1",1
"9","fatigue","drowsy","0",0
"9","odor","stench","0",0
"9","attire","attire","1",1
"9","sky","pilot","0",0
"9","blaze","blaze","1",1
"9","assignment","assignment","1",1
"9","total","amount","0.5",0
"9","address","site","0",0
"9","waste","waste","1",1
"9","jury","jury","1",1
"9","design","design","1",1
"9","bar","bar","1",1
"9","liver","liver","1",1
"9","end","end","1",1
"9","wind","wind","1",1
"9","soda","soda","1",1
"9","cheese","cheese","1",1
"9","toilet","toilet","1",1
"9","salad","salad","1",1
"9","foot","foot","1",1
"9","future","future","1",1
"9","decision","decision","1",1
"9","bee","bee","1",1
"9","child","child","1",1
"9","round","round","1",1
"9","pull","clutter","0.285714285714286",0
"9","lazy","slacking","0.25",0
"9","hungry","hungry","1",1
"9","woman","woman","1",1
"9","now","belt","0",0
"9","find","floor","0.2",0
"9","life","business","0.25",0
"9","argument","sight","0.125",0
"9","vein","bronze","0.333333333333333",0
"9","tool","hand","0",0
"9","position","position","1",1
"9","excited","car","0.142857142857143",0
"9","pass","tuck","0",0
"9","school","lion","0.166666666666667",0
"9","weak","accident","0.25",0
"9","riddle","riddle","1",1
"9","river","add","0",0
"9","money","would","0.2",0
"9","sick","sick","1",1
"9","vase","vase","1",1
"13","criminal","bad","0",0
"13","stomach","stomach","1",1
"13","money","money","1",1
"13","hammer","hammer","1",1
"13","paper","news","0.2",0
"13","sting","sting","1",1
"13","taste","cold","0",0
"13","plant","plant","1",1
"13","bird","bird","1",1
"13","dog","dog","1",1
"13","out","out","1",1
"13","clean","clean","1",1
"13","water","water","1",1
"13","rocks","rock","0.8",1
"13","war","war","1",1
"13","conversation","talk","0",0
"13","cow","cow","1",1
"13","card","card","1",1
"13","flower","flower","1",1
"13","fish","fish","1",1
"13","enough","enough","1",1
"13","sp","sip","0.666666666666667",0
"13","room","cave","0",0
"13","grab","seize","0",0
"13","growth","growth","1",1
"13","statement","word","0",0
"13","wasp","wasp","1",1
"13","division","division","1",1
"13","attorney","attorney","1",1
"13","fantastic","fantastic","1",1
"13","lock","latch","0.4",0
"13","chili","chili","1",1
"13","park","racket","0.5",0
"13","job","chore","0.2",0
"13","park","famine","0.166666666666667",0
"13","wake","drowsy","0.166666666666667",0
"13","stench","stench","1",1
"13","attire","attire","1",1
"13","pilot","pilot","1",1
"13","burn","blaze","0.2",0
"13","date","assignment","0.3",0
"13","amount","amount","1",1
"13","place","site","0",0
"13","waste","waste","1",1
"13","error","jury","0.4",0
"13","design","design","1",1
"13","bar","bar","1",1
"13","liver","liver","1",1
"13","end","end","1",1
"13","wind","wind","1",1
"13","corn","soda","0.25",0
"13","cheese","cheese","1",1
"13","toilet","toilet","1",1
"13","salad","salad","1",1
"13","foot","foot","1",1
"13","future","future","1",1
"13","decision","decision","1",1
"13","bee","bee","1",1
"13","child","child","1",1
"13","round","round","1",1
"13","grabber","clutter","0.428571428571429",0
"13","restrictions","slacking","0.25",0
"13","hungry","hungry","1",1
"13","up","woman","0",0
"13","later","belt","0.6",0
"13","research","floor","0.125",0
"13","row","business","0",0
"13","argue","sight","0.2",0
"13","vase","bronze","0.166666666666667",0
"13","help","hand","0.25",0
"13","work","position","0.125",0
"13","joyful","car","0",0
"13","enable","tuck","0",0
"13","lion","lion","1",1
"13","fit","accident","0.25",0
"13","sweet","riddle","0.166666666666667",0
"13","hill","add","0",0
"13","wage","would","0.2",0
"13","seek","sick","0.5",0
"13","vase","vase","1",1
"17","behind","bad","0.166666666666667",0
"17","stomach","stomach","1",1
"17","money","money","1",1
"17","hammer","hammer","1",1
"17","news","news","1",1
"17","sting","sting","1",1
"17","hard","cold","0.25",0
"17","plant","plant","1",1
"17","bird","bird","1",1
"17","dog","dog","1",1
"17","location","out","0.125",0
"17","clean","clean","1",1
"17","water","water","1",1
"17","rock","rock","1",1
"17","war","war","1",1
"17","talk","talk","1",1
"17","cow","cow","1",1
"17","card","card","1",1
"17","flower","flower","1",1
"17","fish","fish","1",1
"17","enough","enough","1",1
"17","sip","sip","1",1
"17","cave","cave","1",1
"17","grab","seize","0",0
"17","growth","growth","1",1
"17","word","word","1",1
"17","ant","wasp","0.25",0
"17","algebra","division","0",0
"17","attorney","attorney","1",1
"17","fantastic","fantastic","1",1
"17","latch","latch","1",1
"17","chili","chili","1",1
"17","round","racket","0.166666666666667",0
"17","chore","chore","1",1
"17","famine","famine","1",1
"17","drowsy","drowsy","1",1
"17","stench","stench","1",1
"17","attire","attire","1",1
"17","piolet","pilot","0.666666666666667",0
"17","blaze","blaze","1",1
"17","deliquent","assignment","0.4",0
"17","letter","amount","0.333333333333333",0
"17","site","site","1",1
"17","waste","waste","1",1
"17","jury","jury","1",1
"17","design","design","1",1
"17","bar","bar","1",1
"17","liver","liver","1",1
"17","end","end","1",1
"17","wind","wind","1",1
"17","soda","soda","1",1
"17","sip","cheese","0.166666666666667",0
"17","toilet","toilet","1",1
"17","salad","salad","1",1
"17","foot","foot","1",1
"17","future","future","1",1
"17","decion","decision","0.75",1
"17","bee","bee","1",1
"17","child","child","1",1
"17","round","round","1",1
"17","drink","clutter","0.142857142857143",0
"17","hunger","sacking","0.285714285714286",0
"17","hunger","hungry","0.833333333333333",1
"17","raise","woman","0.2",0
"17","end","belt","0.25",0
"17","acknowledge","floor","0.0909090909090909",0
"17","attorney","business","0.25",0
"17","talk","sight","0.2",0
"17","would","bronze","0.166666666666667",0
"17","destroy","hand","0.142857142857143",0
"17","position","position","1",1
"17","day","car","0.333333333333333",0
"17","permission","tuck","0",0
"17","painting","lion","0.25",0
"17","weak","accident","0.25",0
"17","sweet","riddle","0.166666666666667",0
"17","mountain","add","0",0
"17","wage","would","0.2",0
"17","conceal","sick","0.285714285714286",0
"17","ruler","vase","0.2",0
"5","arm","long","0",0
"5","ga","game","0.5",0
"5","plant","plant","1",1
"5","shoe","tie","0",0
"5","crime","mystery","0.428571428571429",0
"5","end","end","1",1
"5","dog","dog","1",1
"5","trash","trash","1",1
"5","red","red","1",1
"5","head","head","1",1
"5","","car","0",0
"5","","cut","0",0
"5","donkey","donkey","1",1
"5","paper","paper","1",1
"5","smell","smell","1",1
"5","dinner","eat","0",0
"5","scissors","scissors","1",1
"5","argument","fight","0.125",0
"5","cold","cold","1",1
"5","love","love","1",1
"5","away","flip","0",0
"5","accident","windshield","0.4",0
"5","","villain","0",0
"5","penguin","penguin","1",1
"5","celebrity","actress","0.444444444444444",0
"5","thimble","thimble","1",1
"5","revenge","revenge","1",1
"5","","balloon","0",0
"5","strawberyy","strawberry","1",1
"5","favorite","favorite","1",1
"5","","panther","0",0
"5","","breakable","0",0
"5","coffin","coffin","1",1
"5","aircrat","aircraft","0.625",0
"5","sardine","sardine","1",1
"5","league","league","1",1
"5","wage","banker","0.333333333333333",0
"5","truth","truthful","0.5",0
"5","nap","nap","1",1
"5","brawl","brawl","1",1
"5","blade","shave","0.4",0
"5","equal","equal","1",1
"5","jar","jar","1",1
"5","wax","wax","1",1
"5","bracelet","bracelet","1",1
"5","carbon","carbon","1",1
"5","away","away","1",1
"5","fall","drink","0",0
"5","ground","ground","1",1
"5","solo","lonely","0.333333333333333",0
"5","wet","wet","1",1
"5","","seatbelt","0",0
"5","honesy","lie","0",0
"5","cell","communicatio","0.0833333333333333",0
"5","reel","reel","1",1
"5","tick","tick","1",1
"5","nosie","noise","1",1
"5","","have","0",0
"5","temper","temper","1",1
"5","screenh","tan","0",0
"5","peace","maroon","0.166666666666667",0
"5","","cloth","0",0
"5","away","steak","0.2",0
"5","runner","election","0.25",0
"5","car","charm","0.6",0
"5","","obtain","0",0
"5","","able","0",0
"5","crab","shake","0.2",0
"5","","fiction","0",0
"5","lock","joke","0.5",0
"5","pop","clothes","0.142857142857143",0
"5","","hate","0",0
"5","dog","bang","0.25",0
"5","","clear","0",0
"5","contract","toil","0.25",0
"5","money","sign","0.2",0
"5","ways","ounce","0",0
"5","morning","morning","1",1
"5","","children","0",0
"5","","scar","0",0
"9","cord","long","0.25",0
"9","game","game","1",1
"9","plant","plant","1",1
"9","tie","tie","1",1
"9","case","mystery","0.285714285714286",0
"9","end","end","1",1
"9","dog","dog","1",1
"9","trash","trash","1",1
"9","red","red","1",1
"9","head","head","1",1
"9","car","car","1",1
"9","cut","cut","1",1
"9","donkey","donkey","1",1
"9","paper","paper","1",1
"9","smell","smell","1",1
"9","eat","eat","1",1
"9","scissors","scissors","1",1
"9","fight","fight","1",1
"9","cold","cold","1",1
"9","love","love","1",1
"9","flip","flip","1",1
"9","driver","windshield","0.3",0
"9","good","villain","0",0
"9","penguin","penguin","1",1
"9","actress","actress","1",1
"9","thumble","thimble","0.857142857142857",1
"9","odd","revenge","0",0
"9","soda","balloon","0.285714285714286",0
"9","strawberry","strawberry","1",1
"9","favorite","favorite","1",1
"9","leopard","panther","0.571428571428571",0
"9","fragile","breakable","0.444444444444444",0
"9","casket","coffin","0.166666666666667",0
"9","aircraft","aircraft","1",1
"9","tuna","sardine","0.285714285714286",0
"9","league","league","1",1
"9","loan","banker","0.333333333333333",0
"9","truth","truthful","0.5",0
"9","nap","nap","1",1
"9","brawl","brawl","1",1
"9","shave","shave","1",1
"9","equal","equal","1",1
"9","jar","jar","1",1
"9","wax","wax","1",1
"9","bracelet","bracelet","1",1
"9","calcui","carbon","0.5",0
"9","away","away","1",1
"9","drink","drink","1",1
"9","ground","ground","1",1
"9","lonely","lonely","1",1
"9","wet","wet","1",1
"9","ensure","seatbelt","0.25",0
"9","honesty","lie","0",0
"9","communicate","communicatio","0.666666666666667",0
"9","rod","reel","0.25",0
"9","tick","tick","1",1
"9","noise","noise","1",1
"9","keep","have","0.5",0
"9","tempe","temper","0.666666666666667",0
"9","day","tan","0.333333333333333",0
"9","equality","maroon","0.125",0
"9","clothes","cloth","0.714285714285714",0
"9","recieve","steak","0.285714285714286",0
"9","election","election","1",1
"9","motor","charm","0.4",0
"9","need","obtain","0.166666666666667",0
"9","pop","able","0",0
"9","shock","shake","0.6",0
"9","communicate","fiction","0.363636363636364",0
"9","latch","joke","0",0
"9","chocolate","clothes","0.666666666666667",0
"9","hate","hate","1",1
"9","dog","bang","0.25",0
"9","goan","clear","0.2",0
"9","sign","toil","0.25",0
"9","sign","sign","1",1
"9","neither","ounce","0.285714285714286",0
"9","morning","morning","1",1
"9","children","children","1",1
"9","frist","scar","0.4",0
"13","longer","long","0.666666666666667",0
"13","game","game","1",1
"13","plant","plant","1",1
"13","tie","tie","1",1
"13","mystery","mystery","1",1
"13","end","end","1",1
"13","dog","dog","1",1
"13","trash","trash","1",1
"13","red","red","1",1
"13","head","head","1",1
"13","car","car","1",1
"13","cut","cut","1",1
"13","donkey","donkey","1",1
"13","paper","paper","1",1
"13","smell","smell","1",1
"13","eat","eat","1",1
"13","scissors","scissors","1",1
"13","fight","fight","1",1
"13","cold","cold","1",1
"13","love","love","1",1
"13","around","flip","0",0
"13","windshield","windshield","1",1
"13","sad","villain","0.142857142857143",0
"13","penguin","penguin","1",1
"13","actress","actress","1",1
"13","thimble","thimble","1",1
"13","revenge","revenge","1",1
"13","balloon","balloon","1",1
"13","strawberry","strawberry","1",1
"13","favorite","favorite","1",1
"13","panther","panther","1",1
"13","breakable","breakable","1",1
"13","coffin","coffin","1",1
"13","pilot","aircraft","0.25",0
"13","sardine","sardine","1",1
"13","catcher","league","0.285714285714286",0
"13","bank","banker","0.666666666666667",0
"13","truthfulness","truthful","0.666666666666667",0
"13","nap","nap","1",1
"13","brawl","brawl","1",1
"13","shave","shave","1",1
"13","equal","equal","1",1
"13","jar","jar","1",1
"13","wax","wax","1",1
"13","bracelet","bracelet","1",1
"13","carbon","carbon","1",1
"13","away","away","1",1
"13","wet","drink","0",0
"13","dirt","ground","0.333333333333333",0
"13","lonely","lonely","1",1
"13","wet","wet","1",1
"13","seatbelt","seatbelt","1",1
"13","honest","lie","0",0
"13","communication","communicatio","0.923076923076923",1
"13","reel","reel","1",1
"13","tick","tick","1",1
"13","noise","noise","1",1
"13","have","have","1",1
"13","temper","temper","1",1
"13","tan","tan","1",1
"13","jury","maroon","0.166666666666667",0
"13","extension","cloth","0.111111111111111",0
"13","steak","steak","1",1
"13","election","election","1",1
"13","car","charm","0.6",0
"13","want","obtain","0.5",0
"13","crunch","able","0",0
"13","sea","shake","0.6",0
"13","friction","fiction","0.75",1
"13","dumb","joke","0",0
"13","yum","clothes","0",0
"13","hate","hate","1",1
"13","dog","bang","0.25",0
"13","clear","clear","1",1
"13","buy","toil","0",0
"13","buy","sign","0",0
"13","either","ounce","0.333333333333333",0
"13","morning","morning","1",1
"13","child","children","0.625",0
"13","entrance","scar","0.125",0
"17","long","long","1",1
"17","problem","game","0",0
"17","lant","plant","0.8",1
"17","tie","tie","1",1
"17","mystery","mystery","1",1
"17","end","end","1",1
"17","dog","dog","1",1
"17","trash","trash","1",1
"17","red","red","1",1
"17","head","head","1",1
"17","car","car","1",1
"17","cut","cut","1",1
"17","donkey","donkey","1",1
"17","paper","paper","1",1
"17","smell","smell","1",1
"17","resturant","eat","0.111111111111111",0
"17","sissors","scissors","0.5",0
"17","fight","fight","1",1
"17","cold","cold","1",1
"17","love","love","1",1
"17","flip","flip","1",1
"17","windshield","windshield","1",1
"17","horrible","villain","0.25",0
"17","penguin","penguin","1",1
"17","winner","actress","0.285714285714286",0
"17","thimble","thimble","1",1
"17","revenge","revenge","1",1
"17","soda","balloon","0.285714285714286",0
"17","salad","strawberry","0.2",0
"17","favorite","favorite","1",1
"17","paw","panther","0.285714285714286",0
"17","breakable","breakable","1",1
"17","coffin","coffin","1",1
"17","piolet","aircraft","0.25",0
"17","sardine","sardine","1",1
"17","catcher","league","0.285714285714286",0
"17","banker","banker","1",1
"17","truthful","truthful","1",1
"17","nap","nap","1",1
"17","fued","brawl","0",0
"17","haircut","shave","0.285714285714286",0
"17","equal","equal","1",1
"17","jar","jar","1",1
"17","wax","wax","1",1
"17","bracelet","bracelet","1",1
"17","carbon","carbon","1",1
"17","away","away","1",1
"17","soda","drink","0.2",0
"17","ground","ground","1",1
"17","lonely","lonely","1",1
"17","wet","wet","1",1
"17","seatbelt","seatbelt","1",1
"17","lie","lie","1",1
"17","conversation","communicatio","0.666666666666667",0
"17","reel","reel","1",1
"17","tick","tick","1",1
"17","noise","noise","1",1
"17","have","have","1",1
"17","temper","temper","1",1
"17","tan","tan","1",1
"17","maroon","maroon","1",1
"17","jeans","cloth","0",0
"17","take","steak","0.8",1
"17","election","election","1",1
"17","car","charm","0.6",0
"17","bone","obtain","0.5",0
"17","pop","able","0",0
"17","shake","shake","1",1
"17","speak","fiction","0",0
"17","latch","joke","0",0
"17","sweet","clothes","0.428571428571429",0
"17","hate","hate","1",1
"17","dog","bang","0.25",0
"17","river","clear","0.6",0
"17","own","toil","0.25",0
"17","own","sign","0.25",0
"17","together","ounce","0.25",0
"17","cold","morning","0.142857142857143",0
"17","breakable","children","0.333333333333333",0
"17","side","scar","0.25",0
"2","cord","long","0.25",0
"2","less","game","0.25",0
"2","tree","plant","0.2",0
"2","shoe","tie","0",0
"2","spy","mystery","0.285714285714286",0
"2","swing","end","0",0
"2","hairy","dog","0",0
"2","","trash","0",0
"2","fruit","red","0.2",0
"2","hair","head","0.5",0
"2","steering","car","0",0
"2","beef","cut","0",0
"2","donke","donkey","0.833333333333333",1
"2","sign","paper","0",0
"2","smel","smell","0.8",1
"2","in","eat","0",0
"2","window","scissors","0.25",0
"2","family","fight","0.333333333333333",0
"2","morning","cold","0.142857142857143",0
"2","love","love","1",1
"2","around","flip","0",0
"2","keys","windshield","0.2",0
"2","child","villain","0.285714285714286",0
"2","wings","penguin","0.428571428571429",0
"2","sky","actress","0.142857142857143",0
"2","strig","thimble","0.285714285714286",0
"2","hald","revenge","0",0
"2","up","balloon","0",0
"2","salad","strawberry","0.2",0
"2","friend","favorite","0.5",0
"2","dog","panther","0",0
"2","ice","breakable","0.111111111111111",0
"2","gon","coffin","0.333333333333333",0
"2","sky","aircraft","0",0
"2","market","sardine","0.428571428571429",0
"2","game","league","0.5",0
"2","rich","banker","0.166666666666667",0
"2","friend","truthful","0.25",0
"2","neeed","nap","0.2",0
"2","winner","brawl","0.166666666666667",0
"2","shave","shave","1",1
"2","equal","equal","1",1
"2","jar","jar","1",1
"2","wax","wax","1",1
"2","band","bracelet","0.25",0
"2","carbon","carbon","1",1
"2","bye","away","0.25",0
"2","drink","drink","1",1
"2","gravity","ground","0.285714285714286",0
"2","lonely","lonely","1",1
"2","wet","wet","1",1
"2","seatbelt","seatbelt","1",1
"2","ful","lie","0.333333333333333",0
"2","call","communication","0.153846153846154",0
"2","like","reel","0.5",0
"2","tick","tick","1",1
"2","noise","noise","1",1
"2","er","have","0.25",0
"2","temper","temper","1",1
"2","light","tan","0",0
"2","free","maroon","0.166666666666667",0
"2","mark","cloth","0",0
"2","me","steak","0.2",0
"2","obstacle","election","0.625",0
"2","mobile","charm","0.166666666666667",0
"2","steak","obtain","0.333333333333333",0
"2","po","able","0",0
"2","hard","shake","0.4",0
"2","ear","fiction","0",0
"2","car","joke","0",0
"2","walk","clothes","0.142857142857143",0
"2","first","hate","0",0
"2","animal","bang","0.333333333333333",0
"2","idk","clear","0",0
"2","sign","toil","0.25",0
"2","sign","sign","1",1
"2","two","ounce","0.2",0
"2","tantrum","morning","0.428571428571429",0
"2","image","children","0.25",0
"2","corse","scar","0.6",0
"6","long","long","1",1
"6","hint","game","0",0
"6","plant","plant","1",1
"6","tie","tie","1",1
"6","mystery","mystery","1",1
"6","end","end","1",1
"6","dog","dog","1",1
"6","trash","trash","1",1
"6","red","red","1",1
"6","head","head","1",1
"6","car","car","1",1
"6","cut","cut","1",1
"6","donkey","donkey","1",1
"6","paper","paper","1",1
"6","smell","smell","1",1
"6","eat","eat","1",1
"6","scissors","scissors","1",1
"6","fight","fight","1",1
"6","cold","cold","1",1
"6","love","love","1",1
"6","flip","flip","1",1
"6","automobile","windshield","0.3",0
"6","villian","villain","1",1
"6","penguin","penguin","1",1
"6","actress","actress","1",1
"6","thimble","thimble","1",1
"6","revenge","revenge","1",1
"6","noise","balloon","0.285714285714286",0
"6","strawberry","strawberry","1",1
"6","favorite","favorite","1",1
"6","panther","panther","1",1
"6","breakable","breakable","1",1
"6","coffin","coffin","1",1
"6","aircraft","aircraft","1",1
"6","sardine","sardine","1",1
"6","catcher","league","0.285714285714286",0
"6","job","banker","0.166666666666667",0
"6","truth","truthful","0.5",0
"6","nap","nap","1",1
"6","brawl","brawl","1",1
"6","shave","shave","1",1
"6","even","equal","0.2",0
"6","jar","jar","1",1
"6","wax","wax","1",1
"6","braceet","bracelet","0.75",1
"6","carbon","carbon","1",1
"6","away","away","1",1
"6","drink","drink","1",1
"6","ground","ground","1",1
"6","lonely","lonely","1",1
"6","wet","wet","1",1
"6","seatbelt","seatbelt","1",1
"6","lie","lie","1",1
"6","call","communicatio","0.166666666666667",0
"6","reel","reel","1",1
"6","tick","tick","1",1
"6","noise","noise","1",1
"6","have","have","1",1
"6","children","temper","0.125",0
"6","tan","tan","1",1
"6","even","maroon","0.166666666666667",0
"6","morning","cloth","0.142857142857143",0
"6","take","steak","0.8",1
"6","corn","election","0.375",0
"6","automobile","charm","0.2",0
"6","loaf","obtain","0.333333333333333",0
"6","noise","able","0",0
"6","fish","shake","0.4",0
"6","ear","fiction","0",0
"6","car","joke","0",0
"6","dessert","clothes","0.714285714285714",0
"6","hate","hate","1",1
"6","eaf","bang","0.25",0
"6","toil","clear","0.2",0
"6","money","toil","0.2",0
"6","rent","sign","0.25",0
"6","even","ounce","0.4",0
"6","morning","morning","1",1
"6","children","children","1",1
"6","important","scar","0",0
"10","long","long","1",1
"10","detective","game","0.222222222222222",0
"10","plant","plant","1",1
"10","tie","tie","1",1
"10","case","mystery","0.285714285714286",0
"10","done","end","0.5",0
"10","dog","dog","1",1
"10","trash","trash","1",1
"10","red","red","1",1
"10","head","head","1",1
"10","car","car","1",1
"10","cut","cut","1",1
"10","donkey","donkey","1",1
"10","paper","paper","1",1
"10","smell","smell","1",1
"10","eat","eat","1",1
"10","scissors","scissors","1",1
"10","fight","fight","1",1
"10","cold","cold","1",1
"10","love","love","1",1
"10","drop","flip","0.25",0
"10","driver","windshield","0.3",0
"10","good","villain","0",0
"10","pigeon","penguin","0.714285714285714",0
"10","actor","actress","0.571428571428571",0
"10","thimle","thimble","0.857142857142857",1
"10","odd","revenge","0",0
"10","crackle","balloon","0.285714285714286",0
"10","strawberry","strawberry","1",1
"10","favorite","favorite","1",1
"10","dog","panther","0",0
"10","fragile","breakable","0.444444444444444",0
"10","alive","coffin","0.166666666666667",0
"10","aircraft","aircraft","1",1
"10","sardine","sardine","1",1
"10","catcher","league","0.285714285714286",0
"10","make","banker","0.5",0
"10","truthful","truthful","1",1
"10","awake","nap","0.4",0
"10","brawl","brawl","1",1
"10","shave","shave","1",1
"10","equal","equal","1",1
"10","jar","jar","1",1
"10","wax","wax","1",1
"10","bracelet","bracelet","1",1
"10","carbon","carbon","1",1
"10","alone","away","0.2",0
"10","drink","drink","1",1
"10","ground","ground","1",1
"10","lonely","lonely","1",1
"10","wet","wet","1",1
"10","seatbelt","seatbelt","1",1
"10","lie","lie","1",1
"10","communication","communicatio","0.923076923076923",1
"10","reel","reel","1",1
"10","tick","tick","1",1
"10","noise","noise","1",1
"10","have","have","1",1
"10","temper","temper","1",1
"10","light","tan","0",0
"10","","maroon","0",0
"10","","cloth","0",0
"10","take","steak","0.8",1
"10","","election","0",0
"10","driver","charm","0.166666666666667",0
"10","","obtain","0",0
"10","cut","able","0",0
"10","sea","shake","0.6",0
"10","hear","fiction","0",0
"10","","joke","0",0
"10","walk","clothes","0.142857142857143",0
"10","","hate","0",0
"10","dog","bang","0.25",0
"10","clear","clear","1",1
"10","","toil","0",0
"10","","sign","0",0
"10","either","ounce","0.333333333333333",0
"10","morning","morning","1",1
"10","children","children","1",1
"10","only","scar","0",0
"14","long","long","1",1
"14","guess","game","0.4",0
"14","plant","plant","1",1
"14","tie","tie","1",1
"14","guess","mystery","0.285714285714286",0
"14","middle","end","0.166666666666667",0
"14","dog","dog","1",1
"14","trash","trash","1",1
"14","red","red","1",1
"14","head","head","1",1
"14","car","car","1",1
"14","cut","cut","1",1
"14","moose","donkey","0.333333333333333",0
"14","paper","paper","1",1
"14","burn","smell","0",0
"14","eat","eat","1",1
"14","tears","scissors","0.25",0
"14","fight","fight","1",1
"14","cold","cold","1",1
"14","love","love","1",1
"14","adjenct","flip","0",0
"14","traffic","windshield","0.1",0
"14","memory","villain","0",0
"14","flew","penguin","0.142857142857143",0
"14","shock","actress","0.285714285714286",0
"14","rope","thimble","0.142857142857143",0
"14","odd","revenge","0",0
"14","star","balloon","0.142857142857143",0
"14","strawberry","strawberry","1",1
"14","favorite","favorite","1",1
"14","dog","panther","0",0
"14","sunlight","breakable","0.111111111111111",0
"14","coffin","coffin","1",1
"14","flight","aircraft","0.375",0
"14","shrimp","sardine","0.428571428571429",0
"14","catcher","league","0.285714285714286",0
"14","banker","banker","1",1
"14","truthful","truthful","1",1
"14","nap","nap","1",1
"14","mad","brawl","0.2",0
"14","shave","shave","1",1
"14","equal","equal","1",1
"14","jar","jar","1",1
"14","wax","wax","1",1
"14","arm","bracelet","0.25",0
"14","carbon","carbon","1",1
"14","away","away","1",1
"14","drink","drink","1",1
"14","ground","ground","1",1
"14","lonely","lonely","1",1
"14","wet","wet","1",1
"14","seatbelt","seatbelt","1",1
"14","lie","lie","1",1
"14","communicantions","communication","0.866666666666667",1
"14","reel","reel","1",1
"14","tick","tick","1",1
"14","noise","noise","1",1
"14","yours","have","0",0
"14","temper","temper","1",1
"14","shade","tan","0.2",0
"14","equal","maroon","0.166666666666667",0
"14","flexibility","cloth","0.0909090909090909",0
"14","take","steak","0.8",1
"14","run","election","0.125",0
"14","drive","charm","0.2",0
"14","chop","obtain","0.166666666666667",0
"14","ability","able","0.428571428571429",0
"14","shock","shake","0.6",0
"14","carefully","fiction","0.222222222222222",0
"14","car","joke","0",0
"14","war","clothes","0",0
"14","place","hate","0.2",0
"14","dog","bang","0.25",0
"14","goat","clear","0.2",0
"14","lend","toil","0.25",0
"14","borrow","sign","0",0
"14","ways","ounce","0",0
"14","morning","morning","1",1
"14","light","children","0.375",0
"14","first","scar","0.4",0
"18","long","long","1",1
"18","hint","game","0",0
"18","plant","plant","1",1
"18","tie","tie","1",1
"18","mystery","mystery","1",1
"18","end","end","1",1
"18","dog","dog","1",1
"18","trash","trash","1",1
"18","red","red","1",1
"18","head","head","1",1
"18","car","car","1",1
"18","scissors","cut","0.125",0
"18","donkey","donkey","1",1
"18","paper","paper","1",1
"18","smell","smell","1",1
"18","eat","eat","1",1
"18","sharp","scissors","0.25",0
"18","fight","fight","1",1
"18","cold","cold","1",1
"18","love","love","1",1
"18","around","flip","0",0
"18","drive","windshield","0.3",0
"18","villian","villain","1",1
"18","penguin","penguin","1",1
"18","actress","actress","1",1
"18","throddle","thimble","0.375",0
"18","rights","revenge","0.285714285714286",0
"18","balloon","balloon","1",1
"18","strawberry","strawberry","1",1
"18","favorite","favorite","1",1
"18","turtle","panther","0.428571428571429",0
"18","break","breakable","0.555555555555556",0
"18","coffin","coffin","1",1
"18","row","aircraft","0.125",0
"18","shrimp","sardine","0.428571428571429",0
"18","catcher","league","0.285714285714286",0
"18","dollare","banker","0.285714285714286",0
"18","truthfulness","truthful","0.666666666666667",0
"18","rest","nap","0",0
"18","brawl","brawl","1",1
"18","blade","shave","0.4",0
"18","even","equal","0.2",0
"18","jar","jar","1",1
"18","wax","wax","1",1
"18","bracelet","bracelet","1",1
"18","","carbon","0",0
"18","away","away","1",1
"18","juice","drink","0.2",0
"18","ground","ground","1",1
"18","lonely","lonely","1",1
"18","wet","wet","1",1
"18","first","seatbelt","0.25",0
"18","honesty","lie","0",0
"18","conversation","communicatio","0.666666666666667",0
"18","reel","reel","1",1
"18","tick","tick","1",1
"18","noise","noise","1",1
"18","have","have","1",1
"18","angry","temper","0.166666666666667",0
"18","tan","tan","1",1
"18","house","maroon","0.166666666666667",0
"18","cloth","cloth","1",1
"18","take","steak","0.8",1
"18","election","election","1",1
"18","car","charm","0.6",0
"18","intake","obtain","0.666666666666667",0
"18","glass","able","0.4",0
"18","cat","shake","0.2",0
"18","hear","fiction","0",0
"18","joke","joke","1",1
"18","clothes","clothes","1",1
"18","hate","hate","1",1
"18","dog","bang","0.25",0
"18","cold","clear","0.4",0
"18","toll","toil","1",1
"18","give","sign","0.5",0
"18","ounce","ounce","1",1
"18","morning","morning","1",1
"18","children","children","1",1
"18","","scar","0",0
"2","mad","bad","0.666666666666667",0
"2","stomach","stomach","1",1
"2","moneu","money","0.8",1
"2","ice","hammer","0.166666666666667",0
"2","writer","news","0.166666666666667",0
"2","sting","sting","1",1
"2","sweet","cold","0",0
"2","word","plant","0",0
"2","swimming","bird","0.125",0
"2","dog","dog","1",1
"2","maker","out","0",0
"2","odor","clean","0",0
"2","bored","water","0.4",0
"2","earth","rock","0.2",0
"2","yes","war","0",0
"2","due","talk","0",0
"2","alot","cow","0.25",0
"2","loan","card","0.25",0
"2","flower","flower","1",1
"2","fish","fish","1",1
"2","coarse","enough","0.333333333333333",0
"2","water","sip","0",0
"2","room","cave","0",0
"2","out","seize","0",0
"2","tall","growth","0.166666666666667",0
"2","structure","word","0.111111111111111",0
"2","hornet","wasp","0",0
"2","problem","division","0.125",0
"2","school","attorney","0.125",0
"2","depression","fantastic","0.3",0
"2","chain","latch","0.6",0
"2","cold","chili","0.4",0
"2","basket","racket","0.666666666666667",0
"2","job","chore","0.2",0
"2","mad","famine","0.333333333333333",0
"2","nowwww","drowsy","0.833333333333333",1
"2","odor","stench","0",0
"2","outfit","attire","0.5",0
"2","sky","pilot","0",0
"2","desire","blaze","0.166666666666667",0
"2","assignment","assignment","1",1
"2","one","amount","0.333333333333333",0
"2","bar","site","0",0
"2","ster","waste","0.6",0
"2","error","jury","0.4",0
"2","art","design","0",0
"2","bar","bar","1",1
"2","ladder","liver","0.333333333333333",0
"2","end","end","1",1
"2","wind","wind","1",1
"2","drink","soda","0.2",0
"2","cheese","cheese","1",1
"2","bladder","toilet","0.285714285714286",0
"2","tomato","salad","0.166666666666667",0
"2","shoelace","foot","0.125",0
"2","ti","future","0.166666666666667",0
"2","idk","decision","0.25",0
"2","bee","bee","1",1
"2","","child","0",0
"2","k","round","0",0
"2","diction","clutter","0.285714285714286",0
"2","health","slacking","0.25",0
"2","swing","hungry","0.333333333333333",0
"2","weights","woman","0.142857142857143",0
"2","later","belt","0.6",0
"2","painting","floor","0",0
"2","sorrow","business","0.125",0
"2","against","sight","0.285714285714286",0
"2","art","bronze","0.166666666666667",0
"2","broke","hand","0",0
"2","candy","position","0.125",0
"2","ecstatic","car","0.125",0
"2","let","tuck","0.25",0
"2","picture","lion","0.142857142857143",0
"2","weak","accident","0.25",0
"2","splenda","riddle","0.428571428571429",0
"2","gras","add","0.25",0
"2","app","would","0",0
"2","seek","sick","0.5",0
"2","queen","vase","0.4",0
"6","bad","bad","1",1
"6","stomach","stomach","1",1
"6","slary","money","0.2",0
"6","hammer","hammer","1",1
"6","news","news","1",1
"6","sting","sting","1",1
"6","cold","cold","1",1
"6","plant","plant","1",1
"6","bird","bird","1",1
"6","dog","dog","1",1
"6","out","out","1",1
"6","clean","clean","1",1
"6","water","water","1",1
"6","rock","rock","1",1
"6","war","war","1",1
"6","talk","talk","1",1
"6","cow","cow","1",1
"6","card","card","1",1
"6","flower","flower","1",1
"6","fish","fish","1",1
"6","enough","enough","1",1
"6","sip","sip","1",1
"6","cav","cave","0.75",1
"6","way","seize","0",0
"6","weight","growth","0.666666666666667",0
"6","word","word","1",1
"6","bee","wasp","0",0
"6","division","division","1",1
"6","attorney","attorney","1",1
"6","fantastic","fantastic","1",1
"6","latch","latch","1",1
"6","cold","chili","0.4",0
"6","racket","racket","1",1
"6","chore","chore","1",1
"6","famine","famine","1",1
"6","nap","drowsy","0",0
"6","stench","stench","1",1
"6","attire","attire","1",1
"6","pilot","pilot","1",1
"6","blaze","blaze","1",1
"6","assignment","assignment","1",1
"6","letter","amount","0.333333333333333",0
"6","site","site","1",1
"6","trash","waste","0.6",0
"6","jury","jury","1",1
"6","design","design","1",1
"6","coo","bar","0",0
"6","liver","liver","1",1
"6","end","end","1",1
"6","wind","wind","1",1
"6","soda","soda","1",1
"6","cheese","cheese","1",1
"6","toilet","toilet","1",1
"6","salad","salad","1",1
"6","shoelace","foot","0.125",0
"6","future","future","1",1
"6","decision","decision","1",1
"6","bee","bee","1",1
"6","child","child","1",1
"6","round","round","1",1
"6","turn","clutter","0.428571428571429",0
"6","food","slacking","0",0
"6","car","hungry","0.166666666666667",0
"6","tuck","woman","0",0
"6","maybe","belt","0.2",0
"6","find","floor","0.2",0
"6","coffin","business","0.25",0
"6","argment","sight","0.142857142857143",0
"6","bow","bronze","0.333333333333333",0
"6","turn","hand","0.25",0
"6","robot","position","0.25",0
"6","day","car","0.333333333333333",0
"6","let","tuck","0.25",0
"6","paint","lion","0.4",0
"6","weak","accident","0.25",0
"6","cake","riddle","0.166666666666667",0
"6","add","add","1",1
"6","mone","would","0.2",0
"6","away","sick","0",0
"6","rule","vase","0.25",0
"10","bad","bad","1",1
"10","stomach","stomach","1",1
"10","money","money","1",1
"10","hammer","hammer","1",1
"10","news","news","1",1
"10","sting","sting","1",1
"10","sweet","cold","0",0
"10","plant","plant","1",1
"10","bird","bird","1",1
"10","dog","dog","1",1
"10","waze","out","0",0
"10","cleqan","clean","0.666666666666667",0
"10","water","water","1",1
"10","rocks","rock","0.8",1
"10","war","war","1",1
"10","debate","talk","0.166666666666667",0
"10","cows","cow","0.75",1
"10","card","card","1",1
"10","flower","flower","1",1
"10","fish","fish","1",1
"10","found","enough","0.5",0
"10","water","sip","0",0
"10","scared","cave","0.333333333333333",0
"10","have","seize","0.2",0
"10","measure","growth","0.142857142857143",0
"10","word","word","1",1
"10","","wasp","0",0
"10","division","division","1",1
"10","attorney","attorney","1",1
"10","good","fantastic","0",0
"10","latch","latch","1",1
"10","chile","chili","0.8",1
"10","racket","racket","1",1
"10","home","chore","0.6",0
"10","park","famine","0.166666666666667",0
"10","nap","drowsy","0",0
"10","stenc","stench","0.833333333333333",1
"10","attire","attire","1",1
"10","aircraft","pilot","0.125",0
"10","blaze","blaze","1",1
"10","assignment","assignment","1",1
"10","","amount","0",0
"10","position","site","0.25",0
"10","waste","waste","1",1
"10","jury","jury","1",1
"10","design","design","1",1
"10","bar","bar","1",1
"10","liver","liver","1",1
"10","end","end","1",1
"10","wind","wind","1",1
"10","soda","soda","1",1
"10","cheese","cheese","1",1
"10","toilet","toilet","1",1
"10","salad","salad","1",1
"10","lace","foot","0",0
"10","future","future","1",1
"10","decision","decision","1",1
"10","bee","bee","1",1
"10","child","child","1",1
"10","round","round","1",1
"10","clincher","clutter","0.5",0
"10","","slacking","0",0
"10","eat","hungry","0",0
"10","up","woman","0",0
"10","later","belt","0.6",0
"10","find","floor","0.2",0
"10","coffin","business","0.25",0
"10","argue","sight","0.2",0
"10","bread","bronze","0.5",0
"10","up","hand","0",0
"10","location","position","0.625",0
"10","sad","car","0.333333333333333",0
"10","take","tuck","0.5",0
"10","","lion","0",0
"10","wesk","accident","0.125",0
"10","plum","riddle","0.166666666666667",0
"10","","add","0",0
"10","","would","0",0
"10","found","sick","0",0
"10","artery","vase","0.333333333333333",0
"14","bad","bad","1",1
"14","stomach","stomach","1",1
"14","pay","money","0.2",0
"14","happy","hammer","0.333333333333333",0
"14","news","news","1",1
"14","sting","sting","1",1
"14","sour","cold","0.25",0
"14","plant","plant","1",1
"14","lake","bird","0",0
"14","dog","dog","1",1
"14","out","out","1",1
"14","clean","clean","1",1
"14","water","water","1",1
"14","map","rock","0",0
"14","war","war","1",1
"14","talk","talk","1",1
"14","cows","cow","0.75",1
"14","card","card","1",1
"14","flower","flower","1",1
"14","fish","fish","1",1
"14","engough","enough","0.857142857142857",1
"14","soda","sip","0.25",0
"14","night","cave","0",0
"14","away","seize","0",0
"14","growth","growth","1",1
"14","begin","word","0",0
"14","warsp","wasp","0.6",0
"14","tutor","division","0.125",0
"14","jurry","attorney","0.25",0
"14","news","fantastic","0.222222222222222",0
"14","chain","latch","0.6",0
"14","chili","chili","1",1
"14","park","racket","0.5",0
"14","paper","chore","0.4",0
"14","food","famine","0.166666666666667",0
"14","nap","drowsy","0",0
"14","strenth","stench","0.714285714285714",0
"14","serval","attire","0.5",0
"14","pliot","pilot","1",1
"14","blazz","blaze","1",1
"14","assignment","assignment","1",1
"14","letters","amount","0.285714285714286",0
"14","place","site","0",0
"14","trash","waste","0.6",0
"14","jury","jury","1",1
"14","design","design","1",1
"14","food","bar","0",0
"14","liver","liver","1",1
"14","end","end","1",1
"14","wind","wind","1",1
"14","soda","soda","1",1
"14","chesse","cheese","1",1
"14","tub","toilet","0.166666666666667",0
"14","salad","salad","1",1
"14","ground","foot","0.166666666666667",0
"14","future","future","1",1
"14","desicion","decision","1",1
"14","bee","bee","1",1
"14","child","child","1",1
"14","round","round","1",1
"14","pull","clutter","0.285714285714286",0
"14","diet","slacking","0.125",0
"14","play","hungry","0.166666666666667",0
"14","heavy","woman","0.2",0
"14","after","belt","0.4",0
"14","finding","floor","0.142857142857143",0
"14","coffin","business","0.25",0
"14","discussion","sight","0.2",0
"14","vein","bronze","0.333333333333333",0
"14","better","hand","0",0
"14","paper","position","0.125",0
"14","sad","car","0.333333333333333",0
"14","time","tuck","0.25",0
"14","color","lion","0.6",0
"14","mind","accident","0.375",0
"14","sweet","riddle","0.166666666666667",0
"14","hide","add","0.25",0
"14","money","would","0.2",0
"14","seek","sick","0.5",0
"14","ring","vase","0",0
"18","bad","bad","1",1
"18","stomach","stomach","1",1
"18","work","money","0.2",0
"18","","hammer","0",0
"18","movie","news","0",0
"18","bee","sting","0",0
"18","lemon","cold","0.4",0
"18","hair","plant","0.2",0
"18","goose","bird","0",0
"18","dog","dog","1",1
"18","away","out","0",0
"18","clean","clean","1",1
"18","water","water","1",1
"18","rock","rock","1",1
"18","war","war","1",1
"18","choice","talk","0",0
"18","cow","cow","1",1
"18","card","card","1",1
"18","flower","flower","1",1
"18","fish","fish","1",1
"18","enough","enough","1",1
"18","soda","sip","0.25",0
"18","hear","cave","0.5",0
"18","away","seize","0",0
"18","tall","growth","0.166666666666667",0
"18","word","word","1",1
"18","wasp","wasp","1",1
"18","numbers","division","0.25",0
"18","attorney","attorney","1",1
"18","fantastic","fantastic","1",1
"18","hide","latch","0.2",0
"18","chili","chili","1",1
"18","round","racket","0.166666666666667",0
"18","chore","chore","1",1
"18","eat","famine","0.333333333333333",0
"18","rest","drowsy","0.333333333333333",0
"18","scent","stench","0.833333333333333",1
"18","shirt","attire","0.5",0
"18","air","pilot","0.2",0
"18","blaze","blaze","1",1
"18","assignment","assignment","1",1
"18","even","amount","0.166666666666667",0
"18","site","site","1",1
"18","waste","waste","1",1
"18","jury","jury","1",1
"18","design","design","1",1
"18","bar","bar","1",1
"18","liver","liver","1",1
"18","end","end","1",1
"18","wind","wind","1",1
"18","soad","soda","1",1
"18","fruit","cheese","0",0
"18","toilet","toilet","1",1
"18","salad","salad","1",1
"18","foot","foot","1",1
"18","future","future","1",1
"18","dicission","decision","0.888888888888889",1
"18","bee","bee","1",1
"18","child","child","1",1
"18","round","round","1",1
"18","cluster","clutter","0.857142857142857",1
"18","stomach","slacking","0.375",0
"18","vine","hungry","0.166666666666667",0
"18","woman","woman","1",1
"18","later","belt","0.6",0
"18","mystery","floor","0",0
"18","coffin","business","0.25",0
"18","answer","sight","0.166666666666667",0
"18","lung","bronze","0.166666666666667",0
"18","hand","hand","1",1
"18","factory","position","0.25",0
"18","sad","car","0.333333333333333",0
"18","let","tuck","0.25",0
"18","wax","lion","0",0
"18","man","accident","0.25",0
"18","","riddle","0",0
"18","swing","add","0",0
"18","money","would","0.2",0
"18","away","sick","0",0
"18","mind","vase","0",0
"3","malicious","delinquent","0.3",0
"3","liver","digestion","0.222222222222222",0
"3","bills","wage","0",0
"3","anvil","chisel","0.333333333333333",0
"3","paper","editor","0.333333333333333",0
"3","hornet","hornet","1",1
"3","wind","bitter","0.166666666666667",0
"3","tree","root","0.5",0
"3","swa","swan","0.75",1
"3","paw","paw","1",1
"3","take","way","0.25",0
"3","dirty","hygiene","0.285714285714286",0
"3","ocean","bridge","0.166666666666667",0
"3","earth","geology","0.142857142857143",0
"3","revolution","revolution","1",1
"3","discuss","discussion","0.5",0
"3","herd","herd","1",1
"3","credit","credit","1",1
"3","petal","orchid","0",0
"3","tuna","tuna","1",1
"3","","full","0",0
"3","drink","drink","1",1
"3","dark","dark","1",1
"3","grab","take","0.25",0
"3","petal","height","0.333333333333333",0
"3","choice","sentence","0.25",0
"3","bug","bug","1",1
"3","add","math","0.25",0
"3","law","law","1",1
"3","great","great","1",1
"3","key","key","1",1
"3","hot","hot","1",1
"3","ball","ball","1",1
"3","work","work","1",1
"3","hunger","hunger","1",1
"3","sleepy","sleep","0.833333333333333",1
"3","smell","smell","1",1
"3","clothes","clothes","1",1
"3","plane","plane","1",1
"3","fire","fire","1",1
"3","due","due","1",1
"3","money","number","0.5",0
"3","location","location","1",1
"3","trash","dump","0",0
"3","duty","trial","0.2",0
"3","take","architecture","0.25",0
"3","grill","grill","1",1
"3","stomach","kidney","0",0
"3","beginning","begin","0.555555555555556",0
"3","blow","blow","1",1
"3","pop","pop","1",1
"3","wine","wine","1",1
"3","bathroom","bathroom","1",1
"3","green","lettuce","0.142857142857143",0
"3","ball","shoe","0",0
"3","grab","past","0.25",0
"3","choice","choice","1",1
"3","honey","honey","1",1
"3","play","baby","0.5",0
"3","tournament","circle","0.1",0
"3","mess","pusher","0.333333333333333",0
"3","grab","ietary","0.333333333333333",0
"3","malnourished","park","0.0833333333333333",0
"3","lift","lift","1",1
"3","buckle","soon","0",0
"3","plan","discover","0",0
"3","firm","death","0",0
"3","visio","debate","0",0
"3","artery","artery","1",1
"3","fix","fix","1",1
"3","","machine","0",0
"3","money","happy","0.2",0
"3","would","allow","0.6",0
"3","mane","art","0.25",0
"3","mistake","strong","0.285714285714286",0
"3","play","sugar","0.2",0
"3","subtract","valley","0.125",0
"3","take","cash","0.25",0
"3","bad","hide","0.25",0
"3","flower","king","0",0
"7","idk","delinquent","0.2",0
"7","digestion","digestion","1",1
"7","idk","wage","0",0
"7","chistle","chisel","0.714285714285714",0
"7","edito","editor","0.833333333333333",1
"7","hornet","hornet","1",1
"7","bitter","bitter","1",1
"7","root","root","1",1
"7","swan","swan","1",1
"7","park","paw","0.5",0
"7","way","way","1",1
"7","tidy","hygiene","0.285714285714286",0
"7","bridge","bridge","1",1
"7","geology","geology","1",1
"7","revolution","revolution","1",1
"7","discussion","discussion","1",1
"7","herd","herd","1",1
"7","take","credit","0.333333333333333",0
"7","orchid","orchid","1",1
"7","tuna","tuna","1",1
"7","full","full","1",1
"7","drink","drink","1",1
"7","dark","dark","1",1
"7","take","take","1",1
"7","height","height","1",1
"7","idk","sentence","0",0
"7","bug","bug","1",1
"7","math","math","1",1
"7","law","law","1",1
"7","great","great","1",1
"7","key","key","1",1
"7","hot","hot","1",1
"7","ball","ball","1",1
"7","work","work","1",1
"7","hunger","hunger","1",1
"7","sleep","sleep","1",1
"7","smell","smell","1",1
"7","clothes","clothes","1",1
"7","plane","plane","1",1
"7","fire","fire","1",1
"7","due","due","1",1
"7","number","number","1",1
"7","location","location","1",1
"7","dump","dump","1",1
"7","trial","trial","1",1
"7","architecture","architecture","1",1
"7","grill","grill","1",1
"7","kidney","kidney","1",1
"7","begin","begin","1",1
"7","blow","blow","1",1
"7","pop","pop","1",1
"7","wine","wine","1",1
"7","bathroom","bathroom","1",1
"7","lettuce","lettuce","1",1
"7","shoe","shoe","1",1
"7","past","past","1",1
"7","choice","choise","1",1
"7","honey","honey","1",1
"7","baby","baby","1",1
"7","circle","circle","1",1
"7","dirty","pusher","0.166666666666667",0
"7","idk","ietary","0.166666666666667",0
"7","eat","park","0.25",0
"7","lift","lift","1",1
"7","buy","soon","0",0
"7","find","discover","0.25",0
"7","idk","death","0.2",0
"7","debate","debate","1",1
"7","idk","artery","0",0
"7","fix","fix","1",1
"7","machine","machine","1",1
"7","drive","happy","0",0
"7","allow","allow","1",1
"7","art","art","1",1
"7","strong","strong","1",1
"7","idk","sugar","0",0
"7","math","valley","0.166666666666667",0
"7","cash","cash","1",1
"7","idk","hide","0.5",0
"7","king","king","1",1
"11","","delinquent","0",0
"11","digestion","digestion","1",1
"11","currency","wage","0",0
"11","","chisel","0",0
"11","paper","editor","0.333333333333333",0
"11","","hornet","0",0
"11","bitter","bitter","1",1
"11","tree","root","0.5",0
"11","swan","swan","1",1
"11","","paw","0",0
"11","way","way","1",1
"11","","hygiene","0",0
"11","","bridge","0",0
"11","geology","geology","1",1
"11","revolution","revolution","1",1
"11","","discussion","0",0
"11","herd","herd","1",1
"11","credit","credit","1",1
"11","plant","orchid","0",0
"11","tuna","tuna","1",1
"11","full","full","1",1
"11","drink","drink","1",1
"11","dark","dark","1",1
"11","take","take","1",1
"11","height","height","1",1
"11","sentence","sentence","1",1
"11","insect","bug","0",0
"11","math","math","1",1
"11","law","law","1",1
"11","great","great","1",1
"11","","key","0",0
"11","hot","hot","1",1
"11","ball","ball","1",1
"11","","work","0",0
"11","","hunger","0",0
"11","sleep","sleep","1",1
"11","stink","smell","0.2",0
"11","clothes","clothes","1",1
"11","plane","plane","1",1
"11","fire","fire","1",1
"11","due","due","1",1
"11","number","number","1",1
"11","location","location","1",1
"11","","dump","0",0
"11","attorney","trial","0.5",0
"11","archetecture","architecture","1",1
"11","grill","grill","1",1
"11","kidney","kidney","1",1
"11","full","begin","0",0
"11","","blow","0",0
"11","pop","pop","1",1
"11","wine","wine","1",1
"11","bathroom","bathroom","1",1
"11","lettuce","lettuce","1",1
"11","shoe","shoe","1",1
"11","","past","0",0
"11","choise","choise","1",1
"11","honey","honey","1",1
"11","baby","baby","1",1
"11","circle","circle","1",1
"11","","pusher","0",0
"11","","ietary","0",0
"11","","park","0",0
"11","","lift","0",0
"11","","soon","0",0
"11","","discover","0",0
"11","","death","0",0
"11","","debate","0",0
"11","king","artery","0",0
"11","fix","fix","1",1
"11","","machine","0",0
"11","fun","happy","0",0
"11","away","allow","0.4",0
"11","art","art","1",1
"11","","strong","0",0
"11","","sugar","0",0
"11","","valley","0",0
"11","","cash","0",0
"11","","hide","0",0
"11","king","king","1",1
"15","good","delinquent","0.1",0
"15","digestion","digestion","1",1
"15","green","wage","0.6",0
"15","sledge","chisel","0.666666666666667",0
"15","editor","editor","1",1
"15","wasp","hornet","0",0
"15","winter","bitter","0.666666666666667",0
"15","green","root","0.2",0
"15","fly","swan","0",0
"15","animal","paw","0.166666666666667",0
"15","way","way","1",1
"15","hygeine","hygiene","1",1
"15","drink","bridge","0.5",0
"15","sedimentary","geology","0.181818181818182",0
"15","revolution","revolution","1",1
"15","discussion","discussion","1",1
"15","herd","herd","1",1
"15","credit","credit","1",1
"15","plant","orchid","0",0
"15","tuna","tuna","1",1
"15","full","full","1",1
"15","soda","drink","0.2",0
"15","dark","dark","1",1
"15","seize","take","0.2",0
"15","height","height","1",1
"15","sentence","sentence","1",1
"15","sting","bug","0",0
"15","math","math","1",1
"15","law","law","1",1
"15","great","great","1",1
"15","lock","key","0",0
"15","hot","hot","1",1
"15","ball","ball","1",1
"15","work","work","1",1
"15","famine","hunger","0.333333333333333",0
"15","sleepy","sleep","0.833333333333333",1
"15","smell","smell","1",1
"15","clothes","clothes","1",1
"15","airplane","plane","0.375",0
"15","fire","fire","1",1
"15","due","due","1",1
"15","nuber","number","0.833333333333333",1
"15","location","location","1",1
"15","dump","dump","1",1
"15","trial","trial","1",1
"15","architecture","architecture","1",1
"15","grill","grill","1",1
"15","kidney","kidney","1",1
"15","start","begin","0",0
"15","blow","blow","1",1
"15","pop","pop","1",1
"15","milk","wine","0.25",0
"15","bathroom","bathroom","1",1
"15","lettuce","lettuce","1",1
"15","shoe","shoe","1",1
"15","past","past","1",1
"15","choices","choice","0.857142857142857",1
"15","sting","honey","0.2",0
"15","baby","baby","1",1
"15","1","circle","0",0
"15","space","pusher","0.5",0
"15","food","ietary","0",0
"15","food","park","0",0
"15","man","lift","0",0
"15","pants","soon","0.2",0
"15","plan","discover","0",0
"15","admin","death","0.4",0
"15","scene","debate","0.166666666666667",0
"15","medal","artery","0.333333333333333",0
"15","finger","fix","0.333333333333333",0
"15","below","machine","0.142857142857143",0
"15","vehicle","happy","0.142857142857143",0
"15","pull","allow","0.2",0
"15","tiger","art","0.2",0
"15","accident","strong","0",0
"15","rhyme","sugar","0.2",0
"15","math","valley","0.166666666666667",0
"15","could","cash","0.2",0
"15","down","hide","0.25",0
"15","flowers","king","0",0
"3","extension","extension","1",1
"3","league","clue","0.333333333333333",0
"3","tree","cactus","0.166666666666667",0
"3","shoes","shoelace","0.5",0
"3","detctive","detective","0.666666666666667",0
"3","adjourn","adjourn","1",1
"3","furry","furry","1",1
"3","litter","litter","1",1
"3","cherry","cherry","1",1
"3","heart","scalp","0.2",0
"3","driver","driver","1",1
"3","chop","chop","1",1
"3","mule","mule","1",1
"3","notes","document","0.5",0
"3","stench","incense","0.571428571428571",0
"3","dine","dine","1",1
"3","shears","shears","1",1
"3","brawl","feud","0",0
"3","chill","chill","1",1
"3","affection","affection","1",1
"3","turn","turn","1",1
"3","car","car","1",1
"3","bad","bad","1",1
"3","bird","bird","1",1
"3","star","star","1",1
"3","thread","thread","1",1
"3","reconcile","even","0.111111111111111",0
"3","pop","pop","1",1
"3","fruit","fruit","1",1
"3","special","best","0.285714285714286",0
"3","cat","cat","1",1
"3","glass","glass","1",1
"3","dead","dead","1",1
"3","plane","plane","1",1
"3","fish","fish","1",1
"3","baseball","baseball","1",1
"3","loan","money","0.4",0
"3","honest","honest","1",1
"3","sleep","sleep","1",1
"3","fight","fight","1",1
"3","razor","razor","1",1
"3","rights","rights","1",1
"3","mason","mason","1",1
"3","bee","candle","0.166666666666667",0
"3","wrist","wrist","1",1
"3","element","element","1",1
"3","far","gone","0",0
"3","water","water","1",1
"3","earth","earth","1",1
"3","alone","alone","1",1
"3","dry","dry","1",1
"3","driver","safety","0.166666666666667",0
"3","deceit","truth","0",0
"3","paper","phone","0.6",0
"3","rod","rod","1",1
"3","flea","flea","1",1
"3","loud","loud","1",1
"3","take","own","0",0
"3","tantrum","tantrum","1",1
"3","sun","sun","1",1
"3","ounce","justice","0.428571428571429",0
"3","stretch","stretch","1",1
"3","sauce","give","0",0
"3","law","maze","0.25",0
"3","funny","vehicle","0",0
"3","grab","meat","0.25",0
"3","give","crackle","0.142857142857143",0
"3","spill","shell","0.6",0
"3","story","listen","0.333333333333333",0
"3","slip","keys","0.25",0
"3","sretch","cake","0.166666666666667",0
"3","despise","name","0.142857142857143",0
"3","fire","fuzzy","0.2",0
"3","concise","moat","0.142857142857143",0
"3","work","lease","0",0
"3","stop","loan","0.25",0
"3","give","both","0",0
"3","temperature","temperature","1",1
"3","play","mirror","0",0
"3","5","main","0",0
"7","extension","extension","1",1
"7","clue","clue","1",1
"7","cactus","cactus","1",1
"7","shoelace","shoelace","1",1
"7","detective","detective","1",1
"7","begin","adjourn","0.142857142857143",0
"7","park","furry","0.2",0
"7","litter","litter","1",1
"7","cherry","cherry","1",1
"7","scalp","scalp","1",1
"7","driver","driver","1",1
"7","chop","chop","1",1
"7","mule","mule","1",1
"7","document","document","1",1
"7","incense","incense","1",1
"7","idk","dine","0.5",0
"7","cut","shears","0",0
"7","brawl","feud","0",0
"7","chill","chill","1",1
"7","affection","affection","1",1
"7","turn","turn","1",1
"7","car","car","1",1
"7","bad","bad","1",1
"7","bird","bird","1",1
"7","star","star","1",1
"7","thread","thread","1",1
"7","even","even","1",1
"7","pop","pop","1",1
"7","fruit","fruit","1",1
"7","best","best","1",1
"7","cat","cat","1",1
"7","glass","glass","1",1
"7","dead","dead","1",1
"7","plane","plane","1",1
"7","fish","fish","1",1
"7","baseball","baseball","1",1
"7","money","money","1",1
"7","honest","honest","1",1
"7","sleep","sleep","1",1
"7","fight","fight","1",1
"7","razor","razor","1",1
"7","rights","rights","1",1
"7","mason","mason","1",1
"7","candle","candle","1",1
"7","wrist","wrist","1",1
"7","element","element","1",1
"7","gone","gone","1",1
"7","water","water","1",1
"7","earth","earth","1",1
"7","alone","alone","1",1
"7","idk","dry","0.333333333333333",0
"7","safety","safety","1",1
"7","cheat","truth","0.4",0
"7","phone","phone","1",1
"7","rod","rod","1",1
"7","flee","flea","1",1
"7","loud","loud","1",1
"7","give","own","0",0
"7","tantrum","tantrum","1",1
"7","sun","sun","1",1
"7","idk","justice","0.142857142857143",0
"7","idk","stretch","0",0
"7","give","give","1",1
"7","idk","maze","0",0
"7","bracelet","vehicle","0.5",0
"7","idk","meat","0",0
"7","idk","crackle","0.142857142857143",0
"7","shell","shell","1",1
"7","story","listen","0.333333333333333",0
"7","idk","keys","0.25",0
"7","idk","cake","0.25",0
"7","idk","name","0",0
"7","idk","fuzzy","0",0
"7","idk","moat","0",0
"7","idk","lease","0",0
"7","loan","loan","1",1
"7","idk","both","0",0
"7","temperature","temperature","1",1
"7","mirror","mirror","1",1
"7","main","main","1",1
"11","extension","extension","1",1
"11","clue","clue","1",1
"11","cactus","cactus","1",1
"11","shoestring","shoelace","0.5",0
"11","detective","detective","1",1
"11","","adjourn","0",0
"11","fuzzy","furry","0.6",0
"11","litter","litter","1",1
"11","","cherry","0",0
"11","scalp","scalp","1",1
"11","","driver","0",0
"11","chop","chop","1",1
"11","mule","mule","1",1
"11","document","document","1",1
"11","stink","incense","0.428571428571429",0
"11","","dine","0",0
"11","shear","shears","0.833333333333333",1
"11","","feud","0",0
"11","chill","chill","1",1
"11","admiration","affection","0.6",0
"11","turn","turn","1",1
"11","car","car","1",1
"11","bad","bad","1",1
"11","bird","bird","1",1
"11","star","star","1",1
"11","thread","thread","1",1
"11","enemy","even","0.6",0
"11","pop","pop","1",1
"11","red","fruit","0.2",0
"11","best","best","1",1
"11","cat","cat","1",1
"11","glass","glass","1",1
"11","dead","dead","1",1
"11","plane","plane","1",1
"11","fish","fish","1",1
"11","baseball","baseball","1",1
"11","money","money","1",1
"11","honest","honest","1",1
"11","sleep","sleep","1",1
"11","fight","fight","1",1
"11","razor","razor","1",1
"11","rights","rights","1",1
"11","mason","mason","1",1
"11","candle","candle","1",1
"11","wrist","wrist","1",1
"11","element","element","1",1
"11","gone","gone","1",1
"11","water","water","1",1
"11","earth","earth","1",1
"11","alone","alone","1",1
"11","drink","dry","0.4",0
"11","safety","safety","1",1
"11","truth","truth","1",1
"11","phone","phone","1",1
"11","rod","rod","1",1
"11","flea","flea","1",1
"11","","loud","0",0
"11","","own","0",0
"11","tantrum","tantrum","1",1
"11","sun","sun","1",1
"11","","justice","0",0
"11","","stretch","0",0
"11","","give","0",0
"11","","maze","0",0
"11","","vehicle","0",0
"11","get","meat","0.5",0
"11","","crackle","0",0
"11","","shell","0",0
"11","truth","listen","0.166666666666667",0
"11","keys","keys","1",1
"11","attire","cake","0.166666666666667",0
"11","enemy","name","0.8",1
"11","fuzzy","fuzzy","1",1
"11","","moat","0",0
"11","","lease","0",0
"11","","loan","0",0
"11","","both","0",0
"11","temperature","temperature","1",1
"11","","mirror","0",0
"11","","main","0",0
"15","short","extension","0.333333333333333",0
"15","ompetition","clue","0.1",0
"15","cactus","cactus","1",1
"15","bow","shoelace","0.125",0
"15","detective","detective","1",1
"15","start","adjourn","0.285714285714286",0
"15","bark","furry","0.2",0
"15","litter","litter","1",1
"15","cherry","cherry","1",1
"15","scalp","scalp","1",1
"15","driver","driver","1",1
"15","paper","chop","0.4",0
"15","horse","mule","0",0
"15","document","document","1",1
"15","stench","incense","0.571428571428571",0
"15","food","dine","0.25",0
"15","cut","shears","0",0
"15","brawl","feud","0",0
"15","chilly","chill","0.833333333333333",1
"15","affection","affection","1",1
"15","turn","turn","1",1
"15","car","car","1",1
"15","bad","bad","1",1
"15","bird","bird","1",1
"15","star","star","1",1
"15","thimble","thread","0.285714285714286",0
"15","even","even","1",1
"15","pop","pop","1",1
"15","fruit","fruit","1",1
"15","best","best","1",1
"15","cat","cat","1",1
"15","glass","glass","1",1
"15","dead","dead","1",1
"15","plane","plane","1",1
"15","fish","fish","1",1
"15","baseball","baseball","1",1
"15","money","money","1",1
"15","honesty","honest","0.857142857142857",1
"15","sleep","sleep","1",1
"15","fight","fight","1",1
"15","razor","razor","1",1
"15","rights","rights","1",1
"15","pickles","mason","0",0
"15","candale","candle","0.857142857142857",1
"15","arm","wrist","0.2",0
"15","element","element","1",1
"15","gone","gone","1",1
"15","soda","water","0.2",0
"15","floor","earth","0.2",0
"15","alone","alone","1",1
"15","dry","dry","1",1
"15","safety","safety","1",1
"15","truth","truth","1",1
"15","phone","phone","1",1
"15","rodx","rod","0.75",1
"15","flea","flea","1",1
"15","loud","loud","1",1
"15","own","own","1",1
"15","tantrum","tantrum","1",1
"15","sun","sun","1",1
"15","re","justice","0.142857142857143",0
"15","clothes","stretch","0.714285714285714",0
"15","sirlon","give","0.166666666666667",0
"15","vote","maze","0.25",0
"15","bracelet","vehicle","0.5",0
"15","obtain","meat","0.333333333333333",0
"15","able","crackle","0.428571428571429",0
"15","shell","shell","1",1
"15","story","listen","0.333333333333333",0
"15","funny","keys","0",0
"15","attire","cake","0.166666666666667",0
"15","love","name","0.25",0
"15","bang","fuzzy","0",0
"15","water","moat","0.4",0
"15","toil","lease","0.2",0
"15","loan","loan","1",1
"15","pound","both","0.2",0
"15","temperature","temperature","1",1
"15","baby","mirror","0",0
"15","main","main","1",1
"4","short","extension","0.333333333333333",0
"4","video","clue","0.2",0
"4","cactus","cactus","1",1
"4","knot","shoelace","0.125",0
"4","detective","detective","1",1
"4","final","adjourn","0.285714285714286",0
"4","cat","furry","0",0
"4","can","litter","0",0
"4","cherries","cherry","0.625",0
"4","pain","scalp","0.4",0
"4","truck","driver","0.166666666666667",0
"4","scissors","chop","0.125",0
"4","horse","mule","0",0
"4","cut","document","0.375",0
"4","arouma","incense","0",0
"4","drink","dine","0.6",0
"4","cut","shears","0",0
"4","brawl","feud","0",0
"4","hot","chill","0.2",0
"4","affection","affection","1",1
"4","turn","turn","1",1
"4","car","car","1",1
"4","evil","bad","0",0
"4","bird","bird","1",1
"4","star","star","1",1
"4","thread","thread","1",1
"4","even","even","1",1
"4","pop","pop","1",1
"4","fruit","fruit","1",1
"4","best","best","1",1
"4","cat","cat","1",1
"4","glass","glass","1",1
"4","dead","dead","1",1
"4","plane","plane","1",1
"4","fish","fish","1",1
"4","basketball","baseball","0.6",0
"4","money","money","1",1
"4","lie","honest","0.166666666666667",0
"4","sleep","sleep","1",1
"4","fight","fight","1",1
"4","razor","razor","1",1
"4","rights","rights","1",1
"4","mason","mason","1",1
"4","candel","candle","1",1
"4","wrist","wrist","1",1
"4","element","element","1",1
"4","alone","gone","0.4",0
"4","wet","water","0.6",0
"4","earth","earth","1",1
"4","alone","alone","1",1
"4","dry","dry","1",1
"4","safety","safety","1",1
"4","truth","truth","1",1
"4","silence","phone","0.285714285714286",0
"4","rod","rod","1",1
"4","flea","flea","1",1
"4","loud","loud","1",1
"4","not","own","0.666666666666667",0
"4","tantrum","tantrum","1",1
"4","sun","sun","1",1
"4","color","justice","0.142857142857143",0
"4","soft","stretch","0.285714285714286",0
"4","consomething","give","0",0
"4","vote","maze","0.25",0
"4","bracelet","vehicle","0.5",0
"4","get","meat","0.5",0
"4","unable","crackle","0.428571428571429",0
"4","food","shell","0",0
"4","listen","listen","1",1
"4","laugh","keys","0",0
"4","soft","cake","0",0
"4","name","name","1",1
"4","door","fuzzy","0",0
"4","crystal","moat","0",0
"4","clean","lease","0.6",0
"4","sign","loan","0.25",0
"4","food","both","0.5",0
"4","breakfast","temperature","0.363636363636364",0
"4","mirror","mirror","1",1
"4","hurt","main","0",0
"8","","extension","0",0
"8","time","clue","0.25",0
"8","","cactus","0",0
"8","","shoelace","0",0
"8","","detective","0",0
"8","","adjourn","0",0
"8","","furry","0",0
"8","","litter","0",0
"8","","cherry","0",0
"8","","scalp","0",0
"8","","driver","0",0
"8","","chop","0",0
"8","mule","mule","1",1
"8","document","document","1",1
"8","","incense","0",0
"8","","dine","0",0
"8","shears","shears","1",1
"8","brawl","feud","0",0
"8","ice","chill","0.4",0
"8","","affection","0",0
"8","turn","turn","1",1
"8","car","car","1",1
"8","bad","bad","1",1
"8","bird","bird","1",1
"8","star","star","1",1
"8","thread","thread","1",1
"8","","even","0",0
"8","pop","pop","1",1
"8","fruit","fruit","1",1
"8","best","best","1",1
"8","","cat","0",0
"8","glass","glass","1",1
"8","dead","dead","1",1
"8","plane","plane","1",1
"8","fish","fish","1",1
"8","baseball","baseball","1",1
"8","money","money","1",1
"8","lie","honest","0.166666666666667",0
"8","","sleep","0",0
"8","fight","fight","1",1
"8","cut","razor","0",0
"8","rights","rights","1",1
"8","mason","mason","1",1
"8","","candle","0",0
"8","","wrist","0",0
"8","element","element","1",1
"8","","gone","0",0
"8","","water","0",0
"8","","earth","0",0
"8","alone","alone","1",1
"8","dry","dry","1",1
"8","safety","safety","1",1
"8","truth","truth","1",1
"8","phone","phone","1",1
"8","toil","rod","0.25",0
"8","flea","flea","1",1
"8","loud","loud","1",1
"8","own","own","1",1
"8","tantrum","tantrum","1",1
"8","sun","sun","1",1
"8","","justice","0",0
"8","stretch","stretch","1",1
"8","","give","0",0
"8","","maze","0",0
"8","bracelet","vehicle","0.5",0
"8","give","meat","0.25",0
"8","","crackle","0",0
"8","","shell","0",0
"8","","listen","0",0
"8","","keys","0",0
"8","","cake","0",0
"8","name","name","1",1
"8","","fuzzy","0",0
"8","glass","moat","0.2",0
"8","","lease","0",0
"8","","loan","0",0
"8","both","both","1",1
"8","","temperature","0",0
"8","","mirror","0",0
"8","main","main","1",1
"12","exstions","extension","0.777777777777778",1
"12","clu","clue","0.75",1
"12","flower","cactus","0",0
"12","shoelace","shoelace","1",1
"12","detective","detective","1",1
"12","zone","adjourn","0.285714285714286",0
"12","furry","furry","1",1
"12","litter","litter","1",1
"12","cherry","cherry","1",1
"12","foot","scalp","0",0
"12","driver","driver","1",1
"12","sissors","chop","0",0
"12","mule","mule","1",1
"12","docmen","document","0.75",1
"12","inscent","incense","0.857142857142857",1
"12","dine","dine","1",1
"12","cut","shears","0",0
"12","brawl","feud","0",0
"12","chill","chill","1",1
"12","affection","affection","1",1
"12","turn","turn","1",1
"12","car","car","1",1
"12","bad","bad","1",1
"12","bird","bird","1",1
"12","star","star","1",1
"12","thread","thread","1",1
"12","end","even","0.5",0
"12","pop","pop","1",1
"12","fruit","fruit","1",1
"12","best","best","1",1
"12","cat","cat","1",1
"12","glass","glass","1",1
"12","death","dead","0.6",0
"12","plane","plane","1",1
"12","fish","fish","1",1
"12","baseball","baseball","1",1
"12","money","money","1",1
"12","honest","honest","1",1
"12","sleep","sleep","1",1
"12","fight","fight","1",1
"12","razor","razor","1",1
"12","right","rights","0.833333333333333",1
"12","mason","mason","1",1
"12","candle","candle","1",1
"12","wrist","wrist","1",1
"12","element","element","1",1
"12","gone","gone","1",1
"12","water","water","1",1
"12","earth","earth","1",1
"12","alone","alone","1",1
"12","dry","dry","1",1
"12","safety","safety","1",1
"12","truth","truth","1",1
"12","phone","phone","1",1
"12","rod","rod","1",1
"12","flea","flea","1",1
"12","loud","loud","1",1
"12","own","own","1",1
"12","tantrum","tantrum","1",1
"12","sun","sun","1",1
"12","jal","justice","0.142857142857143",0
"12","stretch","stretch","1",1
"12","main","give","0.25",0
"12","vote","maze","0.25",0
"12","driver","vehicle","0.428571428571429",0
"12","main","meat","0.5",0
"12","can","crackle","0.285714285714286",0
"12","shell","shell","1",1
"12","fact","listen","0.166666666666667",0
"12","key","keys","0.75",1
"12","top","cake","0",0
"12","name","name","1",1
"12","zoom","fuzzy","0.2",0
"12","water","moat","0.4",0
"12","lessen","lease","0.833333333333333",1
"12","language","loan","0.375",0
"12","both","both","1",1
"12","tempture","temperature","0.545454545454545",0
"12","mirror","mirror","1",1
"12","cut","main","0",0
"16","elastic","extension","0.444444444444444",0
"16","clue","clue","1",1
"16","cactus","cactus","1",1
"16","","shoelace","0",0
"16","detective","detective","1",1
"16","","adjourn","0",0
"16","run","furry","0.4",0
"16","dumpster","litter","0.125",0
"16","cherry","cherry","1",1
"16","turn","scalp","0",0
"16","windshield","driver","0.2",0
"16","shears","chop","0.166666666666667",0
"16","mule","mule","1",1
"16","cut","document","0.375",0
"16","","incense","0",0
"16","full","dine","0",0
"16","shear","shears","0.833333333333333",1
"16","fued","feud","1",1
"16","hot","chill","0.2",0
"16","hate","affection","0.333333333333333",0
"16","turn","turn","1",1
"16","glass","car","0.2",0
"16","evil","bad","0",0
"16","polar","bird","0",0
"16","star","star","1",1
"16","thread","thread","1",1
"16","even","even","1",1
"16","pop","pop","1",1
"16","fruit","fruit","1",1
"16","best","best","1",1
"16","cat","cat","1",1
"16","glass","glass","1",1
"16","death","dead","0.6",0
"16","plane","plane","1",1
"16","fish","fish","1",1
"16","baseball","baseball","1",1
"16","teller","money","0.333333333333333",0
"16","honest","honest","1",1
"16","time","sleep","0.2",0
"16","fight","fight","1",1
"16","razor","razor","1",1
"16","right","rights","0.833333333333333",1
"16","mason","mason","1",1
"16","on","candle","0.166666666666667",0
"16","arm","wrist","0.2",0
"16","element","element","1",1
"16","gone","gone","1",1
"16","fill","water","0",0
"16","earth","earth","1",1
"16","alone","alone","1",1
"16","dry","dry","1",1
"16","safety","safety","1",1
"16","truth","truth","1",1
"16","talk","phone","0",0
"16","rod","rod","1",1
"16","flea","flea","1",1
"16","loud","loud","1",1
"16","not","own","0.666666666666667",0
"16","tantrum","tantrum","1",1
"16","sun","sun","1",1
"16","suit","justice","0.571428571428571",0
"16","stretch","stretch","1",1
"16","steal","give","0.2",0
"16","","maze","0",0
"16","luck","vehicle","0.285714285714286",0
"16","own","meat","0",0
"16","capable","crackle","0.714285714285714",0
"16","rattle","shell","0.166666666666667",0
"16","story","listen","0.333333333333333",0
"16","laugh","keys","0",0
"16","car","cake","0.5",0
"16","love","name","0.25",0
"16","bam","fuzzy","0",0
"16","glue","moat","0",0
"16","boil","lease","0.2",0
"16","language","loan","0.375",0
"16","own","both","0.25",0
"16","temperature","temperature","1",1
"16","mirror","mirror","1",1
"16","","main","0",0
"4","child","delinquent","0.3",0
"4","liver","digestion","0.222222222222222",0
"4","bank","wage","0.25",0
"4","tool","chisel","0.166666666666667",0
"4","article","editor","0.428571428571429",0
"4","hornet","hornet","1",1
"4","drenched","bitter","0.25",0
"4","cacts","root","0.2",0
"4","bath","swan","0.25",0
"4","cat","paw","0.333333333333333",0
"4","in","way","0",0
"4","dirty","hygiene","0.285714285714286",0
"4","drink","bridge","0.5",0
"4","world","geology","0.285714285714286",0
"4","revolution","revolution","1",1
"4","discussion","discussion","1",1
"4","hirdle","herd","0.5",0
"4","credit","credit","1",1
"4","orchit","orchid","0.833333333333333",1
"4","shrimp","tuna","0",0
"4","full","full","1",1
"4","drink","drink","1",1
"4","dark","dark","1",1
"4","take","take","1",1
"4","hair","height","0.333333333333333",0
"4","sentence","sentence","1",1
"4","stig","bug","0",0
"4","math","math","1",1
"4","law","law","1",1
"4","great","great","1",1
"4","hinge","key","0",0
"4","hot","hot","1",1
"4","ball","ball","1",1
"4","cleaning","work","0",0
"4","hungry","hunger","0.833333333333333",1
"4","sleepy","sleep","0.833333333333333",1
"4","smell","smell","1",1
"4","clothes","clothes","1",1
"4","plane","plane","1",1
"4","fire","fire","1",1
"4","due","due","1",1
"4","money","number","0.5",0
"4","location","location","1",1
"4","trash","dump","0",0
"4","tral","trial","0.8",1
"4","archetect","architecture","0.5",0
"4","sport","grill","0.2",0
"4","stomach","kidney","0",0
"4","start","begin","0",0
"4","blow","blow","1",1
"4","pop","pop","1",1
"4","wine","wine","1",1
"4","bathroom","bathroom","1",1
"4","lettuce","lettuce","1",1
"4","sock","shoe","0.5",0
"4","past","past","1",1
"4","choice","choise","1",1
"4","honey","honey","1",1
"4","cry","baby","0.25",0
"4","circle","circle","1",1
"4","shuffe","pusher","0.666666666666667",0
"4","bag","ietary","0.166666666666667",0
"4","famine","park","0.166666666666667",0
"4","mirror","lift","0.166666666666667",0
"4","pants","soon","0.2",0
"4","hard","discover","0.25",0
"4","plan","death","0.2",0
"4","vision","debate","0",0
"4","arteries","artery","0.625",0
"4","help","fix","0",0
"4","place","machine","0.428571428571429",0
"4","drive","happy","0",0
"4","village","allow","0.428571428571429",0
"4","cat","art","0.666666666666667",0
"4","huge","strong","0.166666666666667",0
"4","funny","sugar","0.2",0
"4","gain","valley","0.166666666666667",0
"4","wouldnt","cash","0",0
"4","medicine","hide","0.375",0
"4","king","king","1",1
"8","","delinquent","0",0
"8","digest","digestion","0.666666666666667",0
"8","","wage","0",0
"8","chisel","chisel","1",1
"8","report","editor","0.833333333333333",1
"8","","hornet","0",0
"8","bitter","bitter","1",1
"8","roots","root","0.8",1
"8","penguin","swan","0.142857142857143",0
"8","paw","paw","1",1
"8","cast","way","0.25",0
"8","hygiene","hygiene","1",1
"8","","bridge","0",0
"8","","geology","0",0
"8","zone","revolution","0.3",0
"8","phone","discussion","0.2",0
"8","","herd","0",0
"8","credit","credit","1",1
"8","orchid","orchid","1",1
"8","tuna","tuna","1",1
"8","full","full","1",1
"8","drink","drink","1",1
"8","","dark","0",0
"8","take","take","1",1
"8","","height","0",0
"8","","sentence","0",0
"8","sting","bug","0",0
"8","math","math","1",1
"8","law","law","1",1
"8","magnificent","great","0.181818181818182",0
"8","key","key","1",1
"8","hot","hot","1",1
"8","ball","ball","1",1
"8","work","work","1",1
"8","hungry","hunger","0.833333333333333",1
"8","sleep","sleep","1",1
"8","smell","smell","1",1
"8","clothes","clothes","1",1
"8","airplane","plane","0.375",0
"8","fire","fire","1",1
"8","due","due","1",1
"8","number","number","1",1
"8","location","location","1",1
"8","dump","dump","1",1
"8","court","trial","0.4",0
"8","architecture","architecture","1",1
"8","","grill","0",0
"8","kidney","kidney","1",1
"8","begin","begin","1",1
"8","blow","blow","1",1
"8","pop","pop","1",1
"8","wine","wine","1",1
"8","bathroom","bathroom","1",1
"8","lettuce","lettuce","1",1
"8","shoe","shoe","1",1
"8","past","past","1",1
"8","","choise","0",0
"8","honey","honey","1",1
"8","","baby","0",0
"8","circle","circle","1",1
"8","","pusher","0",0
"8","","ietary","0",0
"8","","park","0",0
"8","","lift","0",0
"8","","soon","0",0
"8","","discover","0",0
"8","","death","0",0
"8","","debate","0",0
"8","artitery","artery","0.625",0
"8","","fix","0",0
"8","","machine","0",0
"8","happy","happy","1",1
"8","allow","allow","1",1
"8","","art","0",0
"8","car","strong","0.166666666666667",0
"8","","sugar","0",0
"8","","valley","0",0
"8","","cash","0",0
"8","","hide","0",0
"8","","king","0",0
"12","deliquent","delinquent","0.8",1
"12","food","digestion","0.222222222222222",0
"12","banker","wage","0.166666666666667",0
"12","chisel","chisel","1",1
"12","editor","editor","1",1
"12","wasp","hornet","0",0
"12","ice","bitter","0.333333333333333",0
"12","root","root","1",1
"12","fly","swan","0",0
"12","paw","paw","1",1
"12","in","way","0",0
"12","dirty","hygiene","0.285714285714286",0
"12","wet","bridge","0.166666666666667",0
"12","hard","geology","0",0
"12","revolution","revolution","1",1
"12","communication","discussion","0.461538461538462",0
"12","herd","herd","1",1
"12","cedit","credit","0.833333333333333",1
"12","plant","orchid","0",0
"12","tuna","tuna","1",1
"12","full","full","1",1
"12","drink","drink","1",1
"12","dark","dark","1",1
"12","take","take","1",1
"12","hieght","height","1",1
"12","sentence","sentence","1",1
"12","bug","bug","1",1
"12","math","math","1",1
"12","law","law","1",1
"12","great","great","1",1
"12","key","key","1",1
"12","hot","hot","1",1
"12","ball","ball","1",1
"12","work","work","1",1
"12","hugry","hunger","0.666666666666667",0
"12","sleep","sleep","1",1
"12","smell","smell","1",1
"12","clothes","clothes","1",1
"12","plane","plane","1",1
"12","fire","fire","1",1
"12","due","due","1",1
"12","money","number","0.5",0
"12","loction","location","0.75",1
"12","dump","dump","1",1
"12","court","trial","0.4",0
"12","fashion","architecture","0.25",0
"12","grill","grill","1",1
"12","kidney","kidney","1",1
"12","begin","begin","1",1
"12","blow","blow","1",1
"12","pop","pop","1",1
"12","yellow","wine","0.166666666666667",0
"12","bathroom","bathroom","1",1
"12","lettuce","lettuce","1",1
"12","shoe","shoe","1",1
"12","past","past","1",1
"12","choice","choise","1",1
"12","honey","honey","1",1
"12","baby","baby","1",1
"12","circle","circle","1",1
"12","mess","pusher","0.333333333333333",0
"12","dietary","ietary","0.714285714285714",0
"12","famine","park","0.166666666666667",0
"12","man","lift","0",0
"12","soon","soon","1",1
"12","flat","discover","0",0
"12","bad","death","0.4",0
"12","see","debate","0.166666666666667",0
"12","gold","artery","0",0
"12","fix","fix","1",1
"12","machine","machine","1",1
"12","driver","happy","0",0
"12","away","allow","0.4",0
"12","art","art","1",1
"12","strong","strong","1",1
"12","part","sugar","0.4",0
"12","divide","valley","0.333333333333333",0
"12","should","cash","0.333333333333333",0
"12","ill","hide","0.25",0
"12","king","king","1",1
"16","good","delinquent","0.1",0
"16","ulcer","digestion","0.111111111111111",0
"16","heist","wage","0.2",0
"16","chise","chisel","0.833333333333333",1
"16","article","editor","0.428571428571429",0
"16","wasp","hornet","0",0
"16","water","bitter","0.5",0
"16","root","root","1",1
"16","bath","swan","0.25",0
"16","run","paw","0",0
"16","red","way","0",0
"16","dirty","hygiene","0.285714285714286",0
"16","plant","bridge","0",0
"16","geology","geology","1",1
"16","zoner","revolution","0.4",0
"16","shout","discussion","0.3",0
"16","herd","herd","1",1
"16","credit","credit","1",1
"16","lilly","orchid","0.166666666666667",0
"16","tuna","tuna","1",1
"16","full","full","1",1
"16","drink","drink","1",1
"16","dark","dark","1",1
"16","take","take","1",1
"16","develop","height","0.285714285714286",0
"16","talk","sentence","0.125",0
"16","bug","bug","1",1
"16","math","math","1",1
"16","law","law","1",1
"16","good","great","0.2",0
"16","key","key","1",1
"16","soup","hot","0.25",0
"16","ball","ball","1",1
"16","clean","work","0",0
"16","hunger","hunger","1",1
"16","sleepy","sleep","0.833333333333333",1
"16","smell","smell","1",1
"16","clothes","clothes","1",1
"16","plane","plane","1",1
"16","hot","fire","0",0
"16","due","due","1",1
"16","charge","number","0.333333333333333",0
"16","suite","location","0.25",0
"16","keep","dump","0.25",0
"16","duty","trial","0.2",0
"16","create","architecture","0.416666666666667",0
"16","hop","grill","0",0
"16","kidney","kidney","1",1
"16","begin","begin","1",1
"16","blo","blow","0.75",1
"16","pop","pop","1",1
"16","curl","wine","0",0
"16","bathroom","bathroom","1",1
"16","dressing","lettuce","0.125",0
"16","shoe","shoe","1",1
"16","past","past","1",1
"16","choise","choise","1",1
"16","bug","honey","0",0
"16","infant","baby","0.166666666666667",0
"16","table","circle","0.333333333333333",0
"16","clean","pusher","0.166666666666667",0
"16","raise","ietary","0.666666666666667",0
"16","starving","park","0.25",0
"16","man","lift","0",0
"16","clip","soon","0",0
"16","ground","discover","0.375",0
"16","art","death","0.4",0
"16","see","debate","0.166666666666667",0
"16","gold","artery","0",0
"16","sanitizer","fix","0",0
"16","","machine","0",0
"16","trouble","happy","0",0
"16","roll","allow","0.4",0
"16","hearter","art","0.142857142857143",0
"16","safety","strong","0.333333333333333",0
"16","joke","sugar","0",0
"16","subtract","valley","0.125",0
"16","should","cash","0.333333333333333",0
"16","good","hide","0.25",0
"16","flower","king","0",0
